0,1
0.03125,1.0000010417
0.0625,1.0000020833
0.09375,1.000003125
0.125,1.0000041667
0.15625,1.0000052083
0.1875,1.00000625
0.21875,1.0000072917
0.25,1.0000083333
0.28125,1.000009375
0.3125,1.0000104167
0.34375,1.0000114583
0.375,1.0000125
0.40625,1.0000135417
0.4375,1.0000145833
0.46875,1.000015625
0.5,1.0000166667
0.53125,1.0000177083
0.5625,1.00001875
0.59375,1.0000197917
0.625,1.0000208333
0.65625,1.000021875
0.6875,1.0000229167
0.71875,1.0000239583
0.75,1.000025
0.78125,1.0000260417
0.8125,1.0000270833
0.84375,1.000028125
0.875,1.0000291667
0.90625,1.0000302083
0.9375,1.00003125
0.96875,1.0000322917
1,1.0000333333
1.03125,1.000034375
1.0625,1.0000354167
1.09375,1.0000364583
1.125,1.0000375
1.15625,1.0000385417
1.1875,1.0000395833
1.21875,1.000040625
1.25,1.0000416667
1.28125,1.0000427083
1.3125,1.00004375
1.34375,1.0000447917
1.375,1.0000458333
1.40625,1.000046875
1.4375,1.0000479167
1.46875,1.0000489583
1.5,1.00005
1.53125,1.0000510417
1.5625,1.0000520833
1.59375,1.000053125
1.625,1.0000541667
1.65625,1.0000552083
1.6875,1.00005625
1.71875,1.0000572917
1.75,1.0000583333
1.78125,1.000059375
1.8125,1.0000604167
1.84375,1.0000614583
1.875,1.0000625
1.90625,1.0000635417
1.9375,1.0000645833
1.96875,1.000065625
2,1.0000666667
2.03125,1.0000677083
2.0625,1.00006875
2.09375,1.0000697917
2.125,1.0000708333
2.15625,1.000071875
2.1875,1.0000729167
2.21875,1.0000739583
2.25,1.000075
2.28125,1.0000760417
2.3125,1.0000770833
2.34375,1.000078125
2.375,1.0000791667
2.40625,1.0000802083
2.4375,1.00008125
2.46875,1.0000822917
2.5,1.0000833333
2.53125,1.000084375
2.5625,1.0000854167
2.59375,1.0000864583
2.625,1.0000875
2.65625,1.0000885417
2.6875,1.0000895833
2.71875,1.000090625
2.75,1.0000916667
2.78125,1.0000927083
2.8125,1.00009375
2.84375,1.0000947917
2.875,1.0000958333
2.90625,1.000096875
2.9375,1.0000979167
2.96875,1.0000989583
3,1.0001
3.03125,1.0001010417
3.0625,1.0001020833
3.09375,1.000103125
3.125,1.0001041667
3.15625,1.0001052083
3.1875,1.00010625
3.21875,1.0001072917
3.25,1.0001083333
3.28125,1.000109375
3.3125,1.0001104167
3.34375,1.0001114583
3.375,1.0001125
3.40625,1.0001135417
3.4375,1.0001145833
3.46875,1.000115625
3.5,1.0001166667
3.53125,1.0001177083
3.5625,1.00011875
3.59375,1.0001197917
3.625,1.0001208333
3.65625,1.000121875
3.6875,1.0001229167
3.71875,1.0001239583
3.75,1.000125
3.78125,1.0001260417
3.8125,1.0001270833
3.84375,1.000128125
3.875,1.0001291667
3.90625,1.0001302083
3.9375,1.00013125
3.96875,1.0001322917
4,1.0001333333
4.03125,1.000134375
4.0625,1.0001354167
4.09375,1.0001364583
4.125,1.0001375
4.15625,1.0001385417
4.1875,1.0001395833
4.21875,1.000140625
4.25,1.0001416667
4.28125,1.0001427083
4.3125,1.00014375
4.34375,1.0001447917
4.375,1.0001458333
4.40625,1.000146875
4.4375,1.0001479167
4.46875,1.0001489583
4.5,1.00015
4.53125,1.0001510417
4.5625,1.0001520833
4.59375,1.000153125
4.625,1.0001541667
4.65625,1.0001552083
4.6875,1.00015625
4.71875,1.0001572917
4.75,1.0001583333
4.78125,1.000159375
4.8125,1.0001604167
4.84375,1.0001614583
4.875,1.0001625
4.90625,1.0001635417
4.9375,1.0001645833
4.96875,1.000165625
5,1.0001666667
5.03125,1.0001677083
5.0625,1.00016875
5.09375,1.0001697917
5.125,1.0001708333
5.15625,1.000171875
5.1875,1.0001729167
5.21875,1.0001739583
5.25,1.000175
5.28125,1.0001760417
5.3125,1.0001770833
5.34375,1.000178125
5.375,1.0001791667
5.40625,1.0001802083
5.4375,1.00018125
5.46875,1.0001822917
5.5,1.0001833333
5.53125,1.000184375
5.5625,1.0001854167
5.59375,1.0001864583
5.625,1.0001875
5.65625,1.0001885417
5.6875,1.0001895833
5.71875,1.000190625
5.75,1.0001916667
5.78125,1.0001927083
5.8125,1.00019375
5.84375,1.0001947917
5.875,1.0001958333
5.90625,1.000196875
5.9375,1.0001979167
5.96875,1.0001989583
6,1.0002
6.03125,1.0002010417
6.0625,1.0002020833
6.09375,1.000203125
6.125,1.0002041667
6.15625,1.0002052083
6.1875,1.00020625
6.21875,1.0002072917
6.25,1.0002083333
6.28125,1.000209375
6.3125,1.0002104167
6.34375,1.0002114583
6.375,1.0002125
6.40625,1.0002135417
6.4375,1.0002145833
6.46875,1.000215625
6.5,1.0002166667
6.53125,1.0002177083
6.5625,1.00021875
6.59375,1.0002197917
6.625,1.0002208333
6.65625,1.000221875
6.6875,1.0002229167
6.71875,1.0002239583
6.75,1.000225
6.78125,1.0002260417
6.8125,1.0002270833
6.84375,1.000228125
6.875,1.0002291667
6.90625,1.0002302083
6.9375,1.00023125
6.96875,1.0002322917
7,1.0002333333
7.03125,1.000234375
7.0625,1.0002354167
7.09375,1.0002364583
7.125,1.0002375
7.15625,1.0002385417
7.1875,1.0002395833
7.21875,1.000240625
7.25,1.0002416667
7.28125,1.0002427083
7.3125,1.00024375
7.34375,1.0002447917
7.375,1.0002458333
7.40625,1.000246875
7.4375,1.0002479167
7.46875,1.0002489583
7.5,1.00025
7.53125,1.0002510417
7.5625,1.0002520833
7.59375,1.000253125
7.625,1.0002541667
7.65625,1.0002552083
7.6875,1.00025625
7.71875,1.0002572917
7.75,1.0002583333
7.78125,1.000259375
7.8125,1.0002604167
7.84375,1.0002614583
7.875,1.0002625
7.90625,1.0002635417
7.9375,1.0002645833
7.96875,1.000265625
8,1.0002666667
8.03125,1.0002677083
8.0625,1.00026875
8.09375,1.0002697917
8.125,1.0002708333
8.15625,1.000271875
8.1875,1.0002729167
8.21875,1.0002739583
8.25,1.000275
8.28125,1.0002760417
8.3125,1.0002770833
8.34375,1.000278125
8.375,1.0002791667
8.40625,1.0002802083
8.4375,1.00028125
8.46875,1.0002822917
8.5,1.0002833333
8.53125,1.000284375
8.5625,1.0002854167
8.59375,1.0002864583
8.625,1.0002875
8.65625,1.0002885417
8.6875,1.0002895833
8.71875,1.000290625
8.75,1.0002916667
8.78125,1.0002927083
8.8125,1.00029375
8.84375,1.0002947917
8.875,1.0002958333
8.90625,1.000296875
8.9375,1.0002979167
8.96875,1.0002989583
9,1.0003
9.03125,1.0003010417
9.0625,1.0003020833
9.09375,1.000303125
9.125,1.0003041667
9.15625,1.0003052083
9.1875,1.00030625
9.21875,1.0003072917
9.25,1.0003083333
9.28125,1.000309375
9.3125,1.0003104167
9.34375,1.0003114583
9.375,1.0003125
9.40625,1.0003135417
9.4375,1.0003145833
9.46875,1.000315625
9.5,1.0003166667
9.53125,1.0003177083
9.5625,1.00031875
9.59375,1.0003197917
9.625,1.0003208333
9.65625,1.000321875
9.6875,1.0003229167
9.71875,1.0003239583
9.75,1.000325
9.78125,1.0003260417
9.8125,1.0003270833
9.84375,1.000328125
9.875,1.0003291667
9.90625,1.0003302083
9.9375,1.00033125
9.96875,1.0003322917
10,1.0003333333
10.03125,1.000334375
10.0625,1.0003354167
10.09375,1.0003364583
10.125,1.0003375
10.15625,1.0003385417
10.1875,1.0003395833
10.21875,1.000340625
10.25,1.0003416667
10.28125,1.0003427083
10.3125,1.00034375
10.34375,1.0003447917
10.375,1.0003458333
10.40625,1.000346875
10.4375,1.0003479167
10.46875,1.0003489583
10.5,1.00035
10.53125,1.0003510417
10.5625,1.0003520833
10.59375,1.000353125
10.625,1.0003541667
10.65625,1.0003552083
10.6875,1.00035625
10.71875,1.0003572917
10.75,1.0003583333
10.78125,1.000359375
10.8125,1.0003604167
10.84375,1.0003614583
10.875,1.0003625
10.90625,1.0003635417
10.9375,1.0003645833
10.96875,1.000365625
11,1.0003666667
11.03125,1.0003677083
11.0625,1.00036875
11.09375,1.0003697917
11.125,1.0003708333
11.15625,1.000371875
11.1875,1.0003729167
11.21875,1.0003739583
11.25,1.000375
11.28125,1.0003760417
11.3125,1.0003770833
11.34375,1.000378125
11.375,1.0003791667
11.40625,1.0003802083
11.4375,1.00038125
11.46875,1.0003822917
11.5,1.0003833333
11.53125,1.000384375
11.5625,1.0003854167
11.59375,1.0003864583
11.625,1.0003875
11.65625,1.0003885417
11.6875,1.0003895833
11.71875,1.000390625
11.75,1.0003916667
11.78125,1.0003927083
11.8125,1.00039375
11.84375,1.0003947917
11.875,1.0003958333
11.90625,1.000396875
11.9375,1.0003979167
11.96875,1.0003989583
12,1.0004
12.03125,1.0004010417
12.0625,1.0004020833
12.09375,1.000403125
12.125,1.0004041667
12.15625,1.0004052083
12.1875,1.00040625
12.21875,1.0004072917
12.25,1.0004083333
12.28125,1.000409375
12.3125,1.0004104167
12.34375,1.0004114583
12.375,1.0004125
12.40625,1.0004135417
12.4375,1.0004145833
12.46875,1.000415625
12.5,1.0004166667
12.53125,1.0004177083
12.5625,1.00041875
12.59375,1.0004197917
12.625,1.0004208333
12.65625,1.000421875
12.6875,1.0004229167
12.71875,1.0004239583
12.75,1.000425
12.78125,1.0004260417
12.8125,1.0004270833
12.84375,1.000428125
12.875,1.0004291667
12.90625,1.0004302083
12.9375,1.00043125
12.96875,1.0004322917
13,1.0004333333
13.03125,1.000434375
13.0625,1.0004354167
13.09375,1.0004364583
13.125,1.0004375
13.15625,1.0004385417
13.1875,1.0004395833
13.21875,1.000440625
13.25,1.0004416667
13.28125,1.0004427083
13.3125,1.00044375
13.34375,1.0004447917
13.375,1.0004458333
13.40625,1.000446875
13.4375,1.0004479167
13.46875,1.0004489583
13.5,1.00045
13.53125,1.0004510417
13.5625,1.0004520833
13.59375,1.000453125
13.625,1.0004541667
13.65625,1.0004552083
13.6875,1.00045625
13.71875,1.0004572917
13.75,1.0004583333
13.78125,1.000459375
13.8125,1.0004604167
13.84375,1.0004614583
13.875,1.0004625
13.90625,1.0004635417
13.9375,1.0004645833
13.96875,1.000465625
14,1.0004666667
14.03125,1.0004677083
14.0625,1.00046875
14.09375,1.0004697917
14.125,1.0004708333
14.15625,1.000471875
14.1875,1.0004729167
14.21875,1.0004739583
14.25,1.000475
14.28125,1.0004760417
14.3125,1.0004770833
14.34375,1.000478125
14.375,1.0004791667
14.40625,1.0004802083
14.4375,1.00048125
14.46875,1.0004822917
14.5,1.0004833333
14.53125,1.000484375
14.5625,1.0004854167
14.59375,1.0004864583
14.625,1.0004875
14.65625,1.0004885417
14.6875,1.0004895833
14.71875,1.000490625
14.75,1.0004916667
14.78125,1.0004927083
14.8125,1.00049375
14.84375,1.0004947917
14.875,1.0004958333
14.90625,1.000496875
14.9375,1.0004979167
14.96875,1.0004989583
15,1.0005
15.03125,1.0005010417
15.0625,1.0005020833
15.09375,1.000503125
15.125,1.0005041667
15.15625,1.0005052083
15.1875,1.00050625
15.21875,1.0005072917
15.25,1.0005083333
15.28125,1.000509375
15.3125,1.0005104167
15.34375,1.0005114583
15.375,1.0005125
15.40625,1.0005135417
15.4375,1.0005145833
15.46875,1.000515625
15.5,1.0005166667
15.53125,1.0005177083
15.5625,1.00051875
15.59375,1.0005197917
15.625,1.0005208333
15.65625,1.000521875
15.6875,1.0005229167
15.71875,1.0005239583
15.75,1.000525
15.78125,1.0005260417
15.8125,1.0005270833
15.84375,1.000528125
15.875,1.0005291667
15.90625,1.0005302083
15.9375,1.00053125
15.96875,1.0005322917
16,1.0005333333
16.03125,1.000534375
16.0625,1.0005354167
16.09375,1.0005364583
16.125,1.0005375
16.15625,1.0005385417
16.1875,1.0005395833
16.21875,1.000540625
16.25,1.0005416667
16.28125,1.0005427083
16.3125,1.00054375
16.34375,1.0005447917
16.375,1.0005458333
16.40625,1.000546875
16.4375,1.0005479167
16.46875,1.0005489583
16.5,1.00055
16.53125,1.0005510417
16.5625,1.0005520833
16.59375,1.000553125
16.625,1.0005541667
16.65625,1.0005552083
16.6875,1.00055625
16.71875,1.0005572917
16.75,1.0005583333
16.78125,1.000559375
16.8125,1.0005604167
16.84375,1.0005614583
16.875,1.0005625
16.90625,1.0005635417
16.9375,1.0005645833
16.96875,1.000565625
17,1.0005666667
17.03125,1.0005677083
17.0625,1.00056875
17.09375,1.0005697917
17.125,1.0005708333
17.15625,1.000571875
17.1875,1.0005729167
17.21875,1.0005739583
17.25,1.000575
17.28125,1.0005760417
17.3125,1.0005770833
17.34375,1.000578125
17.375,1.0005791667
17.40625,1.0005802083
17.4375,1.00058125
17.46875,1.0005822917
17.5,1.0005833333
17.53125,1.000584375
17.5625,1.0005854167
17.59375,1.0005864583
17.625,1.0005875
17.65625,1.0005885417
17.6875,1.0005895833
17.71875,1.000590625
17.75,1.0005916667
17.78125,1.0005927083
17.8125,1.00059375
17.84375,1.0005947917
17.875,1.0005958333
17.90625,1.000596875
17.9375,1.0005979167
17.96875,1.0005989583
18,1.0006
18.03125,1.0006010417
18.0625,1.0006020833
18.09375,1.000603125
18.125,1.0006041667
18.15625,1.0006052083
18.1875,1.00060625
18.21875,1.0006072917
18.25,1.0006083333
18.28125,1.000609375
18.3125,1.0006104167
18.34375,1.0006114583
18.375,1.0006125
18.40625,1.0006135417
18.4375,1.0006145833
18.46875,1.000615625
18.5,1.0006166667
18.53125,1.0006177083
18.5625,1.00061875
18.59375,1.0006197917
18.625,1.0006208333
18.65625,1.000621875
18.6875,1.0006229167
18.71875,1.0006239583
18.75,1.000625
18.78125,1.0006260417
18.8125,1.0006270833
18.84375,1.000628125
18.875,1.0006291667
18.90625,1.0006302083
18.9375,1.00063125
18.96875,1.0006322917
19,1.0006333333
19.03125,1.000634375
19.0625,1.0006354167
19.09375,1.0006364583
19.125,1.0006375
19.15625,1.0006385417
19.1875,1.0006395833
19.21875,1.000640625
19.25,1.0006416667
19.28125,1.0006427083
19.3125,1.00064375
19.34375,1.0006447917
19.375,1.0006458333
19.40625,1.000646875
19.4375,1.0006479167
19.46875,1.0006489583
19.5,1.00065
19.53125,1.0006510417
19.5625,1.0006520833
19.59375,1.000653125
19.625,1.0006541667
19.65625,1.0006552083
19.6875,1.00065625
19.71875,1.0006572917
19.75,1.0006583333
19.78125,1.000659375
19.8125,1.0006604167
19.84375,1.0006614583
19.875,1.0006625
19.90625,1.0006635417
19.9375,1.0006645833
19.96875,1.000665625
20,1.0006666667
20.03125,1.0006677083
20.0625,1.00066875
20.09375,1.0006697917
20.125,1.0006708333
20.15625,1.000671875
20.1875,1.0006729167
20.21875,1.0006739583
20.25,1.000675
20.28125,1.0006760417
20.3125,1.0006770833
20.34375,1.000678125
20.375,1.0006791667
20.40625,1.0006802083
20.4375,1.00068125
20.46875,1.0006822917
20.5,1.0006833333
20.53125,1.000684375
20.5625,1.0006854167
20.59375,1.0006864583
20.625,1.0006875
20.65625,1.0006885417
20.6875,1.0006895833
20.71875,1.000690625
20.75,1.0006916667
20.78125,1.0006927083
20.8125,1.00069375
20.84375,1.0006947917
20.875,1.0006958333
20.90625,1.000696875
20.9375,1.0006979167
20.96875,1.0006989583
21,1.0007
21.03125,1.0007010417
21.0625,1.0007020833
21.09375,1.000703125
21.125,1.0007041667
21.15625,1.0007052083
21.1875,1.00070625
21.21875,1.0007072917
21.25,1.0007083333
21.28125,1.000709375
21.3125,1.0007104167
21.34375,1.0007114583
21.375,1.0007125
21.40625,1.0007135417
21.4375,1.0007145833
21.46875,1.000715625
21.5,1.0007166667
21.53125,1.0007177083
21.5625,1.00071875
21.59375,1.0007197917
21.625,1.0007208333
21.65625,1.000721875
21.6875,1.0007229167
21.71875,1.0007239583
21.75,1.000725
21.78125,1.0007260417
21.8125,1.0007270833
21.84375,1.000728125
21.875,1.0007291667
21.90625,1.0007302083
21.9375,1.00073125
21.96875,1.0007322917
22,1.0007333333
22.03125,1.000734375
22.0625,1.0007354167
22.09375,1.0007364583
22.125,1.0007375
22.15625,1.0007385417
22.1875,1.0007395833
22.21875,1.000740625
22.25,1.0007416667
22.28125,1.0007427083
22.3125,1.00074375
22.34375,1.0007447917
22.375,1.0007458333
22.40625,1.000746875
22.4375,1.0007479167
22.46875,1.0007489583
22.5,1.00075
22.53125,1.0007510417
22.5625,1.0007520833
22.59375,1.000753125
22.625,1.0007541667
22.65625,1.0007552083
22.6875,1.00075625
22.71875,1.0007572917
22.75,1.0007583333
22.78125,1.000759375
22.8125,1.0007604167
22.84375,1.0007614583
22.875,1.0007625
22.90625,1.0007635417
22.9375,1.0007645833
22.96875,1.000765625
23,1.0007666667
23.03125,1.0007677083
23.0625,1.00076875
23.09375,1.0007697917
23.125,1.0007708333
23.15625,1.000771875
23.1875,1.0007729167
23.21875,1.0007739583
23.25,1.000775
23.28125,1.0007760417
23.3125,1.0007770833
23.34375,1.000778125
23.375,1.0007791667
23.40625,1.0007802083
23.4375,1.00078125
23.46875,1.0007822917
23.5,1.0007833333
23.53125,1.000784375
23.5625,1.0007854167
23.59375,1.0007864583
23.625,1.0007875
23.65625,1.0007885417
23.6875,1.0007895833
23.71875,1.000790625
23.75,1.0007916667
23.78125,1.0007927083
23.8125,1.00079375
23.84375,1.0007947917
23.875,1.0007958333
23.90625,1.000796875
23.9375,1.0007979167
23.96875,1.0007989583
24,1.0008
24.03125,1.0008010417
24.0625,1.0008020833
24.09375,1.000803125
24.125,1.0008041667
24.15625,1.0008052083
24.1875,1.00080625
24.21875,1.0008072917
24.25,1.0008083333
24.28125,1.000809375
24.3125,1.0008104167
24.34375,1.0008114583
24.375,1.0008125
24.40625,1.0008135417
24.4375,1.0008145833
24.46875,1.000815625
24.5,1.0008166667
24.53125,1.0008177083
24.5625,1.00081875
24.59375,1.0008197917
24.625,1.0008208333
24.65625,1.000821875
24.6875,1.0008229167
24.71875,1.0008239583
24.75,1.000825
24.78125,1.0008260417
24.8125,1.0008270833
24.84375,1.000828125
24.875,1.0008291667
24.90625,1.0008302083
24.9375,1.00083125
24.96875,1.0008322917
25,1.0008333333
25.03125,1.000834375
25.0625,1.0008354167
25.09375,1.0008364583
25.125,1.0008375
25.15625,1.0008385417
25.1875,1.0008395833
25.21875,1.000840625
25.25,1.0008416667
25.28125,1.0008427083
25.3125,1.00084375
25.34375,1.0008447917
25.375,1.0008458333
25.40625,1.000846875
25.4375,1.0008479167
25.46875,1.0008489583
25.5,1.00085
25.53125,1.0008510417
25.5625,1.0008520833
25.59375,1.000853125
25.625,1.0008541667
25.65625,1.0008552083
25.6875,1.00085625
25.71875,1.0008572917
25.75,1.0008583333
25.78125,1.000859375
25.8125,1.0008604167
25.84375,1.0008614583
25.875,1.0008625
25.90625,1.0008635417
25.9375,1.0008645833
25.96875,1.000865625
26,1.0008666667
26.03125,1.0008677083
26.0625,1.00086875
26.09375,1.0008697917
26.125,1.0008708333
26.15625,1.000871875
26.1875,1.0008729167
26.21875,1.0008739583
26.25,1.000875
26.28125,1.0008760417
26.3125,1.0008770833
26.34375,1.000878125
26.375,1.0008791667
26.40625,1.0008802083
26.4375,1.00088125
26.46875,1.0008822917
26.5,1.0008833333
26.53125,1.000884375
26.5625,1.0008854167
26.59375,1.0008864583
26.625,1.0008875
26.65625,1.0008885417
26.6875,1.0008895833
26.71875,1.000890625
26.75,1.0008916667
26.78125,1.0008927083
26.8125,1.00089375
26.84375,1.0008947917
26.875,1.0008958333
26.90625,1.000896875
26.9375,1.0008979167
26.96875,1.0008989583
27,1.0009
27.03125,1.0009010417
27.0625,1.0009020833
27.09375,1.000903125
27.125,1.0009041667
27.15625,1.0009052083
27.1875,1.00090625
27.21875,1.0009072917
27.25,1.0009083333
27.28125,1.000909375
27.3125,1.0009104167
27.34375,1.0009114583
27.375,1.0009125
27.40625,1.0009135417
27.4375,1.0009145833
27.46875,1.000915625
27.5,1.0009166667
27.53125,1.0009177083
27.5625,1.00091875
27.59375,1.0009197917
27.625,1.0009208333
27.65625,1.000921875
27.6875,1.0009229167
27.71875,1.0009239583
27.75,1.000925
27.78125,1.0009260417
27.8125,1.0009270833
27.84375,1.000928125
27.875,1.0009291667
27.90625,1.0009302083
27.9375,1.00093125
27.96875,1.0009322917
28,1.0009333333
28.03125,1.000934375
28.0625,1.0009354167
28.09375,1.0009364583
28.125,1.0009375
28.15625,1.0009385417
28.1875,1.0009395833
28.21875,1.000940625
28.25,1.0009416667
28.28125,1.0009427083
28.3125,1.00094375
28.34375,1.0009447917
28.375,1.0009458333
28.40625,1.000946875
28.4375,1.0009479167
28.46875,1.0009489583
28.5,1.00095
28.53125,1.0009510417
28.5625,1.0009520833
28.59375,1.000953125
28.625,1.0009541667
28.65625,1.0009552083
28.6875,1.00095625
28.71875,1.0009572917
28.75,1.0009583333
28.78125,1.000959375
28.8125,1.0009604167
28.84375,1.0009614583
28.875,1.0009625
28.90625,1.0009635417
28.9375,1.0009645833
28.96875,1.000965625
29,1.0009666667
29.03125,1.0009677083
29.0625,1.00096875
29.09375,1.0009697917
29.125,1.0009708333
29.15625,1.000971875
29.1875,1.0009729167
29.21875,1.0009739583
29.25,1.000975
29.28125,1.0009760417
29.3125,1.0009770833
29.34375,1.000978125
29.375,1.0009791667
29.40625,1.0009802083
29.4375,1.00098125
29.46875,1.0009822917
29.5,1.0009833333
29.53125,1.000984375
29.5625,1.0009854167
29.59375,1.0009864583
29.625,1.0009875
29.65625,1.0009885417
29.6875,1.0009895833
29.71875,1.000990625
29.75,1.0009916667
29.78125,1.0009927083
29.8125,1.00099375
29.84375,1.0009947917
29.875,1.0009958333
29.90625,1.000996875
29.9375,1.0009979167
29.96875,1.0009989583
30,1.001
30.03125,1.0010010417
30.0625,1.0010020833
30.09375,1.001003125
30.125,1.0010041667
30.15625,1.0010052083
30.1875,1.00100625
30.21875,1.0010072917
30.25,1.0010083333
30.28125,1.001009375
30.3125,1.0010104167
30.34375,1.0010114583
30.375,1.0010125
30.40625,1.0010135417
30.4375,1.0010145833
30.46875,1.001015625
30.5,1.0010166667
30.53125,1.0010177083
30.5625,1.00101875
30.59375,1.0010197917
30.625,1.0010208333
30.65625,1.001021875
30.6875,1.0010229167
30.71875,1.0010239583
30.75,1.001025
30.78125,1.0010260417
30.8125,1.0010270833
30.84375,1.001028125
30.875,1.0010291667
30.90625,1.0010302083
30.9375,1.00103125
30.96875,1.0010322917
31,1.0010333333
31.03125,1.001034375
31.0625,1.0010354167
31.09375,1.0010364583
31.125,1.0010375
31.15625,1.0010385417
31.1875,1.0010395833
31.21875,1.001040625
31.25,1.0010416667
31.28125,1.0010427083
31.3125,1.00104375
31.34375,1.0010447917
31.375,1.0010458333
31.40625,1.001046875
31.4375,1.0010479167
31.46875,1.0010489583
31.5,1.00105
31.53125,1.0010510417
31.5625,1.0010520833
31.59375,1.001053125
31.625,1.0010541667
31.65625,1.0010552083
31.6875,1.00105625
31.71875,1.0010572917
31.75,1.0010583333
31.78125,1.001059375
31.8125,1.0010604167
31.84375,1.0010614583
31.875,1.0010625
31.90625,1.0010635417
31.9375,1.0010645833
31.96875,1.001065625
32,1.0010666667
32.03125,1.0010677083
32.0625,1.00106875
32.09375,1.0010697917
32.125,1.0010708333
32.15625,1.001071875
32.1875,1.0010729167
32.21875,1.0010739583
32.25,1.001075
32.28125,1.0010760417
32.3125,1.0010770833
32.34375,1.001078125
32.375,1.0010791667
32.40625,1.0010802083
32.4375,1.00108125
32.46875,1.0010822917
32.5,1.0010833333
32.53125,1.001084375
32.5625,1.0010854167
32.59375,1.0010864583
32.625,1.0010875
32.65625,1.0010885417
32.6875,1.0010895833
32.71875,1.001090625
32.75,1.0010916667
32.78125,1.0010927083
32.8125,1.00109375
32.84375,1.0010947917
32.875,1.0010958333
32.90625,1.001096875
32.9375,1.0010979167
32.96875,1.0010989583
33,1.0011
33.03125,1.0011010417
33.0625,1.0011020833
33.09375,1.001103125
33.125,1.0011041667
33.15625,1.0011052083
33.1875,1.00110625
33.21875,1.0011072917
33.25,1.0011083333
33.28125,1.001109375
33.3125,1.0011104167
33.34375,1.0011114583
33.375,1.0011125
33.40625,1.0011135417
33.4375,1.0011145833
33.46875,1.001115625
33.5,1.0011166667
33.53125,1.0011177083
33.5625,1.00111875
33.59375,1.0011197917
33.625,1.0011208333
33.65625,1.001121875
33.6875,1.0011229167
33.71875,1.0011239583
33.75,1.001125
33.78125,1.0011260417
33.8125,1.0011270833
33.84375,1.001128125
33.875,1.0011291667
33.90625,1.0011302083
33.9375,1.00113125
33.96875,1.0011322917
34,1.0011333333
34.03125,1.001134375
34.0625,1.0011354167
34.09375,1.0011364583
34.125,1.0011375
34.15625,1.0011385417
34.1875,1.0011395833
34.21875,1.001140625
34.25,1.0011416667
34.28125,1.0011427083
34.3125,1.00114375
34.34375,1.0011447917
34.375,1.0011458333
34.40625,1.001146875
34.4375,1.0011479167
34.46875,1.0011489583
34.5,1.00115
34.53125,1.0011510417
34.5625,1.0011520833
34.59375,1.001153125
34.625,1.0011541667
34.65625,1.0011552083
34.6875,1.00115625
34.71875,1.0011572917
34.75,1.0011583333
34.78125,1.001159375
34.8125,1.0011604167
34.84375,1.0011614583
34.875,1.0011625
34.90625,1.0011635417
34.9375,1.0011645833
34.96875,1.001165625
35,1.0011666667
35.03125,1.0011677083
35.0625,1.00116875
35.09375,1.0011697917
35.125,1.0011708333
35.15625,1.001171875
35.1875,1.0011729167
35.21875,1.0011739583
35.25,1.001175
35.28125,1.0011760417
35.3125,1.0011770833
35.34375,1.001178125
35.375,1.0011791667
35.40625,1.0011802083
35.4375,1.00118125
35.46875,1.0011822917
35.5,1.0011833333
35.53125,1.001184375
35.5625,1.0011854167
35.59375,1.0011864583
35.625,1.0011875
35.65625,1.0011885417
35.6875,1.0011895833
35.71875,1.001190625
35.75,1.0011916667
35.78125,1.0011927083
35.8125,1.00119375
35.84375,1.0011947917
35.875,1.0011958333
35.90625,1.001196875
35.9375,1.0011979167
35.96875,1.0011989583
36,1.0012
36.03125,1.0012010417
36.0625,1.0012020833
36.09375,1.001203125
36.125,1.0012041667
36.15625,1.0012052083
36.1875,1.00120625
36.21875,1.0012072917
36.25,1.0012083333
36.28125,1.001209375
36.3125,1.0012104167
36.34375,1.0012114583
36.375,1.0012125
36.40625,1.0012135417
36.4375,1.0012145833
36.46875,1.001215625
36.5,1.0012166667
36.53125,1.0012177083
36.5625,1.00121875
36.59375,1.0012197917
36.625,1.0012208333
36.65625,1.001221875
36.6875,1.0012229167
36.71875,1.0012239583
36.75,1.001225
36.78125,1.0012260417
36.8125,1.0012270833
36.84375,1.001228125
36.875,1.0012291667
36.90625,1.0012302083
36.9375,1.00123125
36.96875,1.0012322917
37,1.0012333333
37.03125,1.001234375
37.0625,1.0012354167
37.09375,1.0012364583
37.125,1.0012375
37.15625,1.0012385417
37.1875,1.0012395833
37.21875,1.001240625
37.25,1.0012416667
37.28125,1.0012427083
37.3125,1.00124375
37.34375,1.0012447917
37.375,1.0012458333
37.40625,1.001246875
37.4375,1.0012479167
37.46875,1.0012489583
37.5,1.00125
37.53125,1.0012510417
37.5625,1.0012520833
37.59375,1.001253125
37.625,1.0012541667
37.65625,1.0012552083
37.6875,1.00125625
37.71875,1.0012572917
37.75,1.0012583333
37.78125,1.001259375
37.8125,1.0012604167
37.84375,1.0012614583
37.875,1.0012625
37.90625,1.0012635417
37.9375,1.0012645833
37.96875,1.001265625
38,1.0012666667
38.03125,1.0012677083
38.0625,1.00126875
38.09375,1.0012697917
38.125,1.0012708333
38.15625,1.001271875
38.1875,1.0012729167
38.21875,1.0012739583
38.25,1.001275
38.28125,1.0012760417
38.3125,1.0012770833
38.34375,1.001278125
38.375,1.0012791667
38.40625,1.0012802083
38.4375,1.00128125
38.46875,1.0012822917
38.5,1.0012833333
38.53125,1.001284375
38.5625,1.0012854167
38.59375,1.0012864583
38.625,1.0012875
38.65625,1.0012885417
38.6875,1.0012895833
38.71875,1.001290625
38.75,1.0012916667
38.78125,1.0012927083
38.8125,1.00129375
38.84375,1.0012947917
38.875,1.0012958333
38.90625,1.001296875
38.9375,1.0012979167
38.96875,1.0012989583
39,1.0013
39.03125,1.0013010417
39.0625,1.0013020833
39.09375,1.001303125
39.125,1.0013041667
39.15625,1.0013052083
39.1875,1.00130625
39.21875,1.0013072917
39.25,1.0013083333
39.28125,1.001309375
39.3125,1.0013104167
39.34375,1.0013114583
39.375,1.0013125
39.40625,1.0013135417
39.4375,1.0013145833
39.46875,1.001315625
39.5,1.0013166667
39.53125,1.0013177083
39.5625,1.00131875
39.59375,1.0013197917
39.625,1.0013208333
39.65625,1.001321875
39.6875,1.0013229167
39.71875,1.0013239583
39.75,1.001325
39.78125,1.0013260417
39.8125,1.0013270833
39.84375,1.001328125
39.875,1.0013291667
39.90625,1.0013302083
39.9375,1.00133125
39.96875,1.0013322917
40,1.0013333333
40.03125,1.001334375
40.0625,1.0013354167
40.09375,1.0013364583
40.125,1.0013375
40.15625,1.0013385417
40.1875,1.0013395833
40.21875,1.001340625
40.25,1.0013416667
40.28125,1.0013427083
40.3125,1.00134375
40.34375,1.0013447917
40.375,1.0013458333
40.40625,1.001346875
40.4375,1.0013479167
40.46875,1.0013489583
40.5,1.00135
40.53125,1.0013510417
40.5625,1.0013520833
40.59375,1.001353125
40.625,1.0013541667
40.65625,1.0013552083
40.6875,1.00135625
40.71875,1.0013572917
40.75,1.0013583333
40.78125,1.001359375
40.8125,1.0013604167
40.84375,1.0013614583
40.875,1.0013625
40.90625,1.0013635417
40.9375,1.0013645833
40.96875,1.001365625
41,1.0013666667
41.03125,1.0013677083
41.0625,1.00136875
41.09375,1.0013697917
41.125,1.0013708333
41.15625,1.001371875
41.1875,1.0013729167
41.21875,1.0013739583
41.25,1.001375
41.28125,1.0013760417
41.3125,1.0013770833
41.34375,1.001378125
41.375,1.0013791667
41.40625,1.0013802083
41.4375,1.00138125
41.46875,1.0013822917
41.5,1.0013833333
41.53125,1.001384375
41.5625,1.0013854167
41.59375,1.0013864583
41.625,1.0013875
41.65625,1.0013885417
41.6875,1.0013895833
41.71875,1.001390625
41.75,1.0013916667
41.78125,1.0013927083
41.8125,1.00139375
41.84375,1.0013947917
41.875,1.0013958333
41.90625,1.001396875
41.9375,1.0013979167
41.96875,1.0013989583
42,1.0014
42.03125,1.0014010417
42.0625,1.0014020833
42.09375,1.001403125
42.125,1.0014041667
42.15625,1.0014052083
42.1875,1.00140625
42.21875,1.0014072917
42.25,1.0014083333
42.28125,1.001409375
42.3125,1.0014104167
42.34375,1.0014114583
42.375,1.0014125
42.40625,1.0014135417
42.4375,1.0014145833
42.46875,1.001415625
42.5,1.0014166667
42.53125,1.0014177083
42.5625,1.00141875
42.59375,1.0014197917
42.625,1.0014208333
42.65625,1.001421875
42.6875,1.0014229167
42.71875,1.0014239583
42.75,1.001425
42.78125,1.0014260417
42.8125,1.0014270833
42.84375,1.001428125
42.875,1.0014291667
42.90625,1.0014302083
42.9375,1.00143125
42.96875,1.0014322917
43,1.0014333333
43.03125,1.001434375
43.0625,1.0014354167
43.09375,1.0014364583
43.125,1.0014375
43.15625,1.0014385417
43.1875,1.0014395833
43.21875,1.001440625
43.25,1.0014416667
43.28125,1.0014427083
43.3125,1.00144375
43.34375,1.0014447917
43.375,1.0014458333
43.40625,1.001446875
43.4375,1.0014479167
43.46875,1.0014489583
43.5,1.00145
43.53125,1.0014510417
43.5625,1.0014520833
43.59375,1.001453125
43.625,1.0014541667
43.65625,1.0014552083
43.6875,1.00145625
43.71875,1.0014572917
43.75,1.0014583333
43.78125,1.001459375
43.8125,1.0014604167
43.84375,1.0014614583
43.875,1.0014625
43.90625,1.0014635417
43.9375,1.0014645833
43.96875,1.001465625
44,1.0014666667
44.03125,1.0014677083
44.0625,1.00146875
44.09375,1.0014697917
44.125,1.0014708333
44.15625,1.001471875
44.1875,1.0014729167
44.21875,1.0014739583
44.25,1.001475
44.28125,1.0014760417
44.3125,1.0014770833
44.34375,1.001478125
44.375,1.0014791667
44.40625,1.0014802083
44.4375,1.00148125
44.46875,1.0014822917
44.5,1.0014833333
44.53125,1.001484375
44.5625,1.0014854167
44.59375,1.0014864583
44.625,1.0014875
44.65625,1.0014885417
44.6875,1.0014895833
44.71875,1.001490625
44.75,1.0014916667
44.78125,1.0014927083
44.8125,1.00149375
44.84375,1.0014947917
44.875,1.0014958333
44.90625,1.001496875
44.9375,1.0014979167
44.96875,1.0014989583
45,1.0015
45.03125,1.0015010417
45.0625,1.0015020833
45.09375,1.001503125
45.125,1.0015041667
45.15625,1.0015052083
45.1875,1.00150625
45.21875,1.0015072917
45.25,1.0015083333
45.28125,1.001509375
45.3125,1.0015104167
45.34375,1.0015114583
45.375,1.0015125
45.40625,1.0015135417
45.4375,1.0015145833
45.46875,1.001515625
45.5,1.0015166667
45.53125,1.0015177083
45.5625,1.00151875
45.59375,1.0015197917
45.625,1.0015208333
45.65625,1.001521875
45.6875,1.0015229167
45.71875,1.0015239583
45.75,1.001525
45.78125,1.0015260417
45.8125,1.0015270833
45.84375,1.001528125
45.875,1.0015291667
45.90625,1.0015302083
45.9375,1.00153125
45.96875,1.0015322917
46,1.0015333333
46.03125,1.001534375
46.0625,1.0015354167
46.09375,1.0015364583
46.125,1.0015375
46.15625,1.0015385417
46.1875,1.0015395833
46.21875,1.001540625
46.25,1.0015416667
46.28125,1.0015427083
46.3125,1.00154375
46.34375,1.0015447917
46.375,1.0015458333
46.40625,1.001546875
46.4375,1.0015479167
46.46875,1.0015489583
46.5,1.00155
46.53125,1.0015510417
46.5625,1.0015520833
46.59375,1.001553125
46.625,1.0015541667
46.65625,1.0015552083
46.6875,1.00155625
46.71875,1.0015572917
46.75,1.0015583333
46.78125,1.001559375
46.8125,1.0015604167
46.84375,1.0015614583
46.875,1.0015625
46.90625,1.0015635417
46.9375,1.0015645833
46.96875,1.001565625
47,1.0015666667
47.03125,1.0015677083
47.0625,1.00156875
47.09375,1.0015697917
47.125,1.0015708333
47.15625,1.001571875
47.1875,1.0015729167
47.21875,1.0015739583
47.25,1.001575
47.28125,1.0015760417
47.3125,1.0015770833
47.34375,1.001578125
47.375,1.0015791667
47.40625,1.0015802083
47.4375,1.00158125
47.46875,1.0015822917
47.5,1.0015833333
47.53125,1.001584375
47.5625,1.0015854167
47.59375,1.0015864583
47.625,1.0015875
47.65625,1.0015885417
47.6875,1.0015895833
47.71875,1.001590625
47.75,1.0015916667
47.78125,1.0015927083
47.8125,1.00159375
47.84375,1.0015947917
47.875,1.0015958333
47.90625,1.001596875
47.9375,1.0015979167
47.96875,1.0015989583
48,1.0016
48.03125,1.0016010417
48.0625,1.0016020833
48.09375,1.001603125
48.125,1.0016041667
48.15625,1.0016052083
48.1875,1.00160625
48.21875,1.0016072917
48.25,1.0016083333
48.28125,1.001609375
48.3125,1.0016104167
48.34375,1.0016114583
48.375,1.0016125
48.40625,1.0016135417
48.4375,1.0016145833
48.46875,1.001615625
48.5,1.0016166667
48.53125,1.0016177083
48.5625,1.00161875
48.59375,1.0016197917
48.625,1.0016208333
48.65625,1.001621875
48.6875,1.0016229167
48.71875,1.0016239583
48.75,1.001625
48.78125,1.0016260417
48.8125,1.0016270833
48.84375,1.001628125
48.875,1.0016291667
48.90625,1.0016302083
48.9375,1.00163125
48.96875,1.0016322917
49,1.0016333333
49.03125,1.001634375
49.0625,1.0016354167
49.09375,1.0016364583
49.125,1.0016375
49.15625,1.0016385417
49.1875,1.0016395833
49.21875,1.001640625
49.25,1.0016416667
49.28125,1.0016427083
49.3125,1.00164375
49.34375,1.0016447917
49.375,1.0016458333
49.40625,1.001646875
49.4375,1.0016479167
49.46875,1.0016489583
49.5,1.00165
49.53125,1.0016510417
49.5625,1.0016520833
49.59375,1.001653125
49.625,1.0016541667
49.65625,1.0016552083
49.6875,1.00165625
49.71875,1.0016572917
49.75,1.0016583333
49.78125,1.001659375
49.8125,1.0016604167
49.84375,1.0016614583
49.875,1.0016625
49.90625,1.0016635417
49.9375,1.0016645833
49.96875,1.001665625
50,1.0016666667
50.03125,1.0016677083
50.0625,1.00166875
50.09375,1.0016697917
50.125,1.0016708333
50.15625,1.001671875
50.1875,1.0016729167
50.21875,1.0016739583
50.25,1.001675
50.28125,1.0016760417
50.3125,1.0016770833
50.34375,1.001678125
50.375,1.0016791667
50.40625,1.0016802083
50.4375,1.00168125
50.46875,1.0016822917
50.5,1.0016833333
50.53125,1.001684375
50.5625,1.0016854167
50.59375,1.0016864583
50.625,1.0016875
50.65625,1.0016885417
50.6875,1.0016895833
50.71875,1.001690625
50.75,1.0016916667
50.78125,1.0016927083
50.8125,1.00169375
50.84375,1.0016947917
50.875,1.0016958333
50.90625,1.001696875
50.9375,1.0016979167
50.96875,1.0016989583
51,1.0017
51.03125,1.0017010417
51.0625,1.0017020833
51.09375,1.001703125
51.125,1.0017041667
51.15625,1.0017052083
51.1875,1.00170625
51.21875,1.0017072917
51.25,1.0017083333
51.28125,1.001709375
51.3125,1.0017104167
51.34375,1.0017114583
51.375,1.0017125
51.40625,1.0017135417
51.4375,1.0017145833
51.46875,1.001715625
51.5,1.0017166667
51.53125,1.0017177083
51.5625,1.00171875
51.59375,1.0017197917
51.625,1.0017208333
51.65625,1.001721875
51.6875,1.0017229167
51.71875,1.0017239583
51.75,1.001725
51.78125,1.0017260417
51.8125,1.0017270833
51.84375,1.001728125
51.875,1.0017291667
51.90625,1.0017302083
51.9375,1.00173125
51.96875,1.0017322917
52,1.0017333333
52.03125,1.001734375
52.0625,1.0017354167
52.09375,1.0017364583
52.125,1.0017375
52.15625,1.0017385417
52.1875,1.0017395833
52.21875,1.001740625
52.25,1.0017416667
52.28125,1.0017427083
52.3125,1.00174375
52.34375,1.0017447917
52.375,1.0017458333
52.40625,1.001746875
52.4375,1.0017479167
52.46875,1.0017489583
52.5,1.00175
52.53125,1.0017510417
52.5625,1.0017520833
52.59375,1.001753125
52.625,1.0017541667
52.65625,1.0017552083
52.6875,1.00175625
52.71875,1.0017572917
52.75,1.0017583333
52.78125,1.001759375
52.8125,1.0017604167
52.84375,1.0017614583
52.875,1.0017625
52.90625,1.0017635417
52.9375,1.0017645833
52.96875,1.001765625
53,1.0017666667
53.03125,1.0017677083
53.0625,1.00176875
53.09375,1.0017697917
53.125,1.0017708333
53.15625,1.001771875
53.1875,1.0017729167
53.21875,1.0017739583
53.25,1.001775
53.28125,1.0017760417
53.3125,1.0017770833
53.34375,1.001778125
53.375,1.0017791667
53.40625,1.0017802083
53.4375,1.00178125
53.46875,1.0017822917
53.5,1.0017833333
53.53125,1.001784375
53.5625,1.0017854167
53.59375,1.0017864583
53.625,1.0017875
53.65625,1.0017885417
53.6875,1.0017895833
53.71875,1.001790625
53.75,1.0017916667
53.78125,1.0017927083
53.8125,1.00179375
53.84375,1.0017947917
53.875,1.0017958333
53.90625,1.001796875
53.9375,1.0017979167
53.96875,1.0017989583
54,1.0018
54.03125,1.0018010417
54.0625,1.0018020833
54.09375,1.001803125
54.125,1.0018041667
54.15625,1.0018052083
54.1875,1.00180625
54.21875,1.0018072917
54.25,1.0018083333
54.28125,1.001809375
54.3125,1.0018104167
54.34375,1.0018114583
54.375,1.0018125
54.40625,1.0018135417
54.4375,1.0018145833
54.46875,1.001815625
54.5,1.0018166667
54.53125,1.0018177083
54.5625,1.00181875
54.59375,1.0018197917
54.625,1.0018208333
54.65625,1.001821875
54.6875,1.0018229167
54.71875,1.0018239583
54.75,1.001825
54.78125,1.0018260417
54.8125,1.0018270833
54.84375,1.001828125
54.875,1.0018291667
54.90625,1.0018302083
54.9375,1.00183125
54.96875,1.0018322917
55,1.0018333333
55.03125,1.001834375
55.0625,1.0018354167
55.09375,1.0018364583
55.125,1.0018375
55.15625,1.0018385417
55.1875,1.0018395833
55.21875,1.001840625
55.25,1.0018416667
55.28125,1.0018427083
55.3125,1.00184375
55.34375,1.0018447917
55.375,1.0018458333
55.40625,1.001846875
55.4375,1.0018479167
55.46875,1.0018489583
55.5,1.00185
55.53125,1.0018510417
55.5625,1.0018520833
55.59375,1.001853125
55.625,1.0018541667
55.65625,1.0018552083
55.6875,1.00185625
55.71875,1.0018572917
55.75,1.0018583333
55.78125,1.001859375
55.8125,1.0018604167
55.84375,1.0018614583
55.875,1.0018625
55.90625,1.0018635417
55.9375,1.0018645833
55.96875,1.001865625
56,1.0018666667
56.03125,1.0018677083
56.0625,1.00186875
56.09375,1.0018697917
56.125,1.0018708333
56.15625,1.001871875
56.1875,1.0018729167
56.21875,1.0018739583
56.25,1.001875
56.28125,1.0018760417
56.3125,1.0018770833
56.34375,1.001878125
56.375,1.0018791667
56.40625,1.0018802083
56.4375,1.00188125
56.46875,1.0018822917
56.5,1.0018833333
56.53125,1.001884375
56.5625,1.0018854167
56.59375,1.0018864583
56.625,1.0018875
56.65625,1.0018885417
56.6875,1.0018895833
56.71875,1.001890625
56.75,1.0018916667
56.78125,1.0018927083
56.8125,1.00189375
56.84375,1.0018947917
56.875,1.0018958333
56.90625,1.001896875
56.9375,1.0018979167
56.96875,1.0018989583
57,1.0019
57.03125,1.0019010417
57.0625,1.0019020833
57.09375,1.001903125
57.125,1.0019041667
57.15625,1.0019052083
57.1875,1.00190625
57.21875,1.0019072917
57.25,1.0019083333
57.28125,1.001909375
57.3125,1.0019104167
57.34375,1.0019114583
57.375,1.0019125
57.40625,1.0019135417
57.4375,1.0019145833
57.46875,1.001915625
57.5,1.0019166667
57.53125,1.0019177083
57.5625,1.00191875
57.59375,1.0019197917
57.625,1.0019208333
57.65625,1.001921875
57.6875,1.0019229167
57.71875,1.0019239583
57.75,1.001925
57.78125,1.0019260417
57.8125,1.0019270833
57.84375,1.001928125
57.875,1.0019291667
57.90625,1.0019302083
57.9375,1.00193125
57.96875,1.0019322917
58,1.0019333333
58.03125,1.001934375
58.0625,1.0019354167
58.09375,1.0019364583
58.125,1.0019375
58.15625,1.0019385417
58.1875,1.0019395833
58.21875,1.001940625
58.25,1.0019416667
58.28125,1.0019427083
58.3125,1.00194375
58.34375,1.0019447917
58.375,1.0019458333
58.40625,1.001946875
58.4375,1.0019479167
58.46875,1.0019489583
58.5,1.00195
58.53125,1.0019510417
58.5625,1.0019520833
58.59375,1.001953125
58.625,1.0019541667
58.65625,1.0019552083
58.6875,1.00195625
58.71875,1.0019572917
58.75,1.0019583333
58.78125,1.001959375
58.8125,1.0019604167
58.84375,1.0019614583
58.875,1.0019625
58.90625,1.0019635417
58.9375,1.0019645833
58.96875,1.001965625
59,1.0019666667
59.03125,1.0019677083
59.0625,1.00196875
59.09375,1.0019697917
59.125,1.0019708333
59.15625,1.001971875
59.1875,1.0019729167
59.21875,1.0019739583
59.25,1.001975
59.28125,1.0019760417
59.3125,1.0019770833
59.34375,1.001978125
59.375,1.0019791667
59.40625,1.0019802083
59.4375,1.00198125
59.46875,1.0019822917
59.5,1.0019833333
59.53125,1.001984375
59.5625,1.0019854167
59.59375,1.0019864583
59.625,1.0019875
59.65625,1.0019885417
59.6875,1.0019895833
59.71875,1.001990625
59.75,1.0019916667
59.78125,1.0019927083
59.8125,1.00199375
59.84375,1.0019947917
59.875,1.0019958333
59.90625,1.001996875
59.9375,1.0019979167
59.96875,1.0019989583
60,1.002
60.03125,1.0019989583
60.0625,1.0019979167
60.09375,1.001996875
60.125,1.0019958333
60.15625,1.0019947917
60.1875,1.00199375
60.21875,1.0019927083
60.25,1.0019916667
60.28125,1.001990625
60.3125,1.0019895833
60.34375,1.0019885417
60.375,1.0019875
60.40625,1.0019864583
60.4375,1.0019854167
60.46875,1.001984375
60.5,1.0019833333
60.53125,1.0019822917
60.5625,1.00198125
60.59375,1.0019802083
60.625,1.0019791667
60.65625,1.001978125
60.6875,1.0019770833
60.71875,1.0019760417
60.75,1.001975
60.78125,1.0019739583
60.8125,1.0019729167
60.84375,1.001971875
60.875,1.0019708333
60.90625,1.0019697917
60.9375,1.00196875
60.96875,1.0019677083
61,1.0019666667
61.03125,1.001965625
61.0625,1.0019645833
61.09375,1.0019635417
61.125,1.0019625
61.15625,1.0019614583
61.1875,1.0019604167
61.21875,1.001959375
61.25,1.0019583333
61.28125,1.0019572917
61.3125,1.00195625
61.34375,1.0019552083
61.375,1.0019541667
61.40625,1.001953125
61.4375,1.0019520833
61.46875,1.0019510417
61.5,1.00195
61.53125,1.0019489583
61.5625,1.0019479167
61.59375,1.001946875
61.625,1.0019458333
61.65625,1.0019447917
61.6875,1.00194375
61.71875,1.0019427083
61.75,1.0019416667
61.78125,1.001940625
61.8125,1.0019395833
61.84375,1.0019385417
61.875,1.0019375
61.90625,1.0019364583
61.9375,1.0019354167
61.96875,1.001934375
62,1.0019333333
62.03125,1.0019322917
62.0625,1.00193125
62.09375,1.0019302083
62.125,1.0019291667
62.15625,1.001928125
62.1875,1.0019270833
62.21875,1.0019260417
62.25,1.001925
62.28125,1.0019239583
62.3125,1.0019229167
62.34375,1.001921875
62.375,1.0019208333
62.40625,1.0019197917
62.4375,1.00191875
62.46875,1.0019177083
62.5,1.0019166667
62.53125,1.001915625
62.5625,1.0019145833
62.59375,1.0019135417
62.625,1.0019125
62.65625,1.0019114583
62.6875,1.0019104167
62.71875,1.001909375
62.75,1.0019083333
62.78125,1.0019072917
62.8125,1.00190625
62.84375,1.0019052083
62.875,1.0019041667
62.90625,1.001903125
62.9375,1.0019020833
62.96875,1.0019010417
63,1.0019
63.03125,1.0018989583
63.0625,1.0018979167
63.09375,1.001896875
63.125,1.0018958333
63.15625,1.0018947917
63.1875,1.00189375
63.21875,1.0018927083
63.25,1.0018916667
63.28125,1.001890625
63.3125,1.0018895833
63.34375,1.0018885417
63.375,1.0018875
63.40625,1.0018864583
63.4375,1.0018854167
63.46875,1.001884375
63.5,1.0018833333
63.53125,1.0018822917
63.5625,1.00188125
63.59375,1.0018802083
63.625,1.0018791667
63.65625,1.001878125
63.6875,1.0018770833
63.71875,1.0018760417
63.75,1.001875
63.78125,1.0018739583
63.8125,1.0018729167
63.84375,1.001871875
63.875,1.0018708333
63.90625,1.0018697917
63.9375,1.00186875
63.96875,1.0018677083
64,1.0018666667
64.03125,1.001865625
64.0625,1.0018645833
64.09375,1.0018635417
64.125,1.0018625
64.15625,1.0018614583
64.1875,1.0018604167
64.21875,1.001859375
64.25,1.0018583333
64.28125,1.0018572917
64.3125,1.00185625
64.34375,1.0018552083
64.375,1.0018541667
64.40625,1.001853125
64.4375,1.0018520833
64.46875,1.0018510417
64.5,1.00185
64.53125,1.0018489583
64.5625,1.0018479167
64.59375,1.001846875
64.625,1.0018458333
64.65625,1.0018447917
64.6875,1.00184375
64.71875,1.0018427083
64.75,1.0018416667
64.78125,1.001840625
64.8125,1.0018395833
64.84375,1.0018385417
64.875,1.0018375
64.90625,1.0018364583
64.9375,1.0018354167
64.96875,1.001834375
65,1.0018333333
65.03125,1.0018322917
65.0625,1.00183125
65.09375,1.0018302083
65.125,1.0018291667
65.15625,1.001828125
65.1875,1.0018270833
65.21875,1.0018260417
65.25,1.001825
65.28125,1.0018239583
65.3125,1.0018229167
65.34375,1.001821875
65.375,1.0018208333
65.40625,1.0018197917
65.4375,1.00181875
65.46875,1.0018177083
65.5,1.0018166667
65.53125,1.001815625
65.5625,1.0018145833
65.59375,1.0018135417
65.625,1.0018125
65.65625,1.0018114583
65.6875,1.0018104167
65.71875,1.001809375
65.75,1.0018083333
65.78125,1.0018072917
65.8125,1.00180625
65.84375,1.0018052083
65.875,1.0018041667
65.90625,1.001803125
65.9375,1.0018020833
65.96875,1.0018010417
66,1.0018
66.03125,1.0017989583
66.0625,1.0017979167
66.09375,1.001796875
66.125,1.0017958333
66.15625,1.0017947917
66.1875,1.00179375
66.21875,1.0017927083
66.25,1.0017916667
66.28125,1.001790625
66.3125,1.0017895833
66.34375,1.0017885417
66.375,1.0017875
66.40625,1.0017864583
66.4375,1.0017854167
66.46875,1.001784375
66.5,1.0017833333
66.53125,1.0017822917
66.5625,1.00178125
66.59375,1.0017802083
66.625,1.0017791667
66.65625,1.001778125
66.6875,1.0017770833
66.71875,1.0017760417
66.75,1.001775
66.78125,1.0017739583
66.8125,1.0017729167
66.84375,1.001771875
66.875,1.0017708333
66.90625,1.0017697917
66.9375,1.00176875
66.96875,1.0017677083
67,1.0017666667
67.03125,1.001765625
67.0625,1.0017645833
67.09375,1.0017635417
67.125,1.0017625
67.15625,1.0017614583
67.1875,1.0017604167
67.21875,1.001759375
67.25,1.0017583333
67.28125,1.0017572917
67.3125,1.00175625
67.34375,1.0017552083
67.375,1.0017541667
67.40625,1.001753125
67.4375,1.0017520833
67.46875,1.0017510417
67.5,1.00175
67.53125,1.0017489583
67.5625,1.0017479167
67.59375,1.001746875
67.625,1.0017458333
67.65625,1.0017447917
67.6875,1.00174375
67.71875,1.0017427083
67.75,1.0017416667
67.78125,1.001740625
67.8125,1.0017395833
67.84375,1.0017385417
67.875,1.0017375
67.90625,1.0017364583
67.9375,1.0017354167
67.96875,1.001734375
68,1.0017333333
68.03125,1.0017322917
68.0625,1.00173125
68.09375,1.0017302083
68.125,1.0017291667
68.15625,1.001728125
68.1875,1.0017270833
68.21875,1.0017260417
68.25,1.001725
68.28125,1.0017239583
68.3125,1.0017229167
68.34375,1.001721875
68.375,1.0017208333
68.40625,1.0017197917
68.4375,1.00171875
68.46875,1.0017177083
68.5,1.0017166667
68.53125,1.001715625
68.5625,1.0017145833
68.59375,1.0017135417
68.625,1.0017125
68.65625,1.0017114583
68.6875,1.0017104167
68.71875,1.001709375
68.75,1.0017083333
68.78125,1.0017072917
68.8125,1.00170625
68.84375,1.0017052083
68.875,1.0017041667
68.90625,1.001703125
68.9375,1.0017020833
68.96875,1.0017010417
69,1.0017
69.03125,1.0016989583
69.0625,1.0016979167
69.09375,1.001696875
69.125,1.0016958333
69.15625,1.0016947917
69.1875,1.00169375
69.21875,1.0016927083
69.25,1.0016916667
69.28125,1.001690625
69.3125,1.0016895833
69.34375,1.0016885417
69.375,1.0016875
69.40625,1.0016864583
69.4375,1.0016854167
69.46875,1.001684375
69.5,1.0016833333
69.53125,1.0016822917
69.5625,1.00168125
69.59375,1.0016802083
69.625,1.0016791667
69.65625,1.001678125
69.6875,1.0016770833
69.71875,1.0016760417
69.75,1.001675
69.78125,1.0016739583
69.8125,1.0016729167
69.84375,1.001671875
69.875,1.0016708333
69.90625,1.0016697917
69.9375,1.00166875
69.96875,1.0016677083
70,1.0016666667
70.03125,1.001665625
70.0625,1.0016645833
70.09375,1.0016635417
70.125,1.0016625
70.15625,1.0016614583
70.1875,1.0016604167
70.21875,1.001659375
70.25,1.0016583333
70.28125,1.0016572917
70.3125,1.00165625
70.34375,1.0016552083
70.375,1.0016541667
70.40625,1.001653125
70.4375,1.0016520833
70.46875,1.0016510417
70.5,1.00165
70.53125,1.0016489583
70.5625,1.0016479167
70.59375,1.001646875
70.625,1.0016458333
70.65625,1.0016447917
70.6875,1.00164375
70.71875,1.0016427083
70.75,1.0016416667
70.78125,1.001640625
70.8125,1.0016395833
70.84375,1.0016385417
70.875,1.0016375
70.90625,1.0016364583
70.9375,1.0016354167
70.96875,1.001634375
71,1.0016333333
71.03125,1.0016322917
71.0625,1.00163125
71.09375,1.0016302083
71.125,1.0016291667
71.15625,1.001628125
71.1875,1.0016270833
71.21875,1.0016260417
71.25,1.001625
71.28125,1.0016239583
71.3125,1.0016229167
71.34375,1.001621875
71.375,1.0016208333
71.40625,1.0016197917
71.4375,1.00161875
71.46875,1.0016177083
71.5,1.0016166667
71.53125,1.001615625
71.5625,1.0016145833
71.59375,1.0016135417
71.625,1.0016125
71.65625,1.0016114583
71.6875,1.0016104167
71.71875,1.001609375
71.75,1.0016083333
71.78125,1.0016072917
71.8125,1.00160625
71.84375,1.0016052083
71.875,1.0016041667
71.90625,1.001603125
71.9375,1.0016020833
71.96875,1.0016010417
72,1.0016
72.03125,0.9
72.0625,0.9
72.09375,0.9
72.125,0.9
72.15625,0.9
72.1875,0.9
72.21875,0.9
72.25,0.9
72.28125,0.9
72.3125,0.9
72.34375,0.9
72.375,0.9
72.40625,0.9
72.4375,0.9
72.46875,0.9
72.5,0.9
72.53125,0.9
72.5625,0.9
72.59375,0.9
72.625,0.9
72.65625,0.9
72.6875,0.9
72.71875,0.9
72.75,0.9
72.78125,0.9
72.8125,0.9
72.84375,0.9
72.875,0.9
72.90625,0.9
72.9375,0.9
72.96875,0.9
73,0.9
73.03125,0.9
73.0625,0.9
73.09375,0.9
73.125,0.9
73.15625,0.9
73.1875,0.9
73.21875,0.9
73.25,0.9
73.28125,0.9
73.3125,0.9
73.34375,0.9
73.375,0.9
73.40625,0.9
73.4375,0.9
73.46875,0.9
73.5,0.9
73.53125,0.9
73.5625,0.9
73.59375,0.9
73.625,0.9
73.65625,0.9
73.6875,0.9
73.71875,0.9
73.75,0.9
73.78125,0.9
73.8125,0.9
73.84375,0.9
73.875,0.9
73.90625,0.9
73.9375,0.9
73.96875,0.9
74,0.9
74.03125,0.9
74.0625,0.9
74.09375,0.9
74.125,0.9
74.15625,0.9
74.1875,0.9
74.21875,0.9
74.25,0.9
74.28125,0.9
74.3125,0.9
74.34375,0.9
74.375,0.9
74.40625,0.9
74.4375,0.9
74.46875,0.9
74.5,0.9
74.53125,0.9
74.5625,0.9
74.59375,0.9
74.625,0.9
74.65625,0.9
74.6875,0.9
74.71875,0.9
74.75,0.9
74.78125,0.9
74.8125,0.9
74.84375,0.9
74.875,0.9
74.90625,0.9
74.9375,0.9
74.96875,0.9
75,0.9
75.03125,0.9
75.0625,0.9
75.09375,0.9
75.125,0.9
75.15625,0.9
75.1875,0.9
75.21875,0.9
75.25,0.9
75.28125,0.9
75.3125,0.9
75.34375,0.9
75.375,0.9
75.40625,0.9
75.4375,0.9
75.46875,0.9
75.5,0.9
75.53125,0.9
75.5625,0.9
75.59375,0.9
75.625,0.9
75.65625,0.9
75.6875,0.9
75.71875,0.9
75.75,0.9
75.78125,0.9
75.8125,0.9
75.84375,0.9
75.875,0.9
75.90625,0.9
75.9375,0.9
75.96875,0.9
76,0.9
76.03125,0.9
76.0625,0.9
76.09375,0.9
76.125,0.9
76.15625,0.9
76.1875,0.9
76.21875,0.9
76.25,0.9
76.28125,0.9
76.3125,0.9
76.34375,0.9
76.375,0.9
76.40625,0.9
76.4375,0.9
76.46875,0.9
76.5,0.9
76.53125,0.9
76.5625,0.9
76.59375,0.9
76.625,0.9
76.65625,0.9
76.6875,0.9
76.71875,0.9
76.75,0.9
76.78125,0.9
76.8125,0.9
76.84375,0.9
76.875,0.9
76.90625,0.9
76.9375,0.9
76.96875,0.9
77,0.9
77.03125,0.9
77.0625,0.9
77.09375,0.9
77.125,0.9
77.15625,0.9
77.1875,0.9
77.21875,0.9
77.25,0.9
77.28125,0.9
77.3125,0.9
77.34375,0.9
77.375,0.9
77.40625,0.9
77.4375,0.9
77.46875,0.9
77.5,0.9
77.53125,0.9
77.5625,0.9
77.59375,0.9
77.625,0.9
77.65625,0.9
77.6875,0.9
77.71875,0.9
77.75,0.9
77.78125,0.9
77.8125,0.9
77.84375,0.9
77.875,0.9
77.90625,0.9
77.9375,0.9
77.96875,0.9
78,0.9
78.03125,0.9
78.0625,0.9
78.09375,0.9
78.125,0.9
78.15625,0.9
78.1875,0.9
78.21875,0.9
78.25,0.9
78.28125,0.9
78.3125,0.9
78.34375,0.9
78.375,0.9
78.40625,0.9
78.4375,0.9
78.46875,0.9
78.5,0.9
78.53125,0.9
78.5625,0.9
78.59375,0.9
78.625,0.9
78.65625,0.9
78.6875,0.9
78.71875,0.9
78.75,0.9
78.78125,0.9
78.8125,0.9
78.84375,0.9
78.875,0.9
78.90625,0.9
78.9375,0.9
78.96875,0.9
79,0.9
79.03125,0.9
79.0625,0.9
79.09375,0.9
79.125,0.9
79.15625,0.9
79.1875,0.9
79.21875,0.9
79.25,0.9
79.28125,0.9
79.3125,0.9
79.34375,0.9
79.375,0.9
79.40625,0.9
79.4375,0.9
79.46875,0.9
79.5,0.9
79.53125,0.9
79.5625,0.9
79.59375,0.9
79.625,0.9
79.65625,0.9
79.6875,0.9
79.71875,0.9
79.75,0.9
79.78125,0.9
79.8125,0.9
79.84375,0.9
79.875,0.9
79.90625,0.9
79.9375,0.9
79.96875,0.9
80,0.9
80.03125,0.9
80.0625,0.9
80.09375,0.9
80.125,0.9
80.15625,0.9
80.1875,0.9
80.21875,0.9
80.25,0.9
80.28125,0.9
80.3125,0.9
80.34375,0.9
80.375,0.9
80.40625,0.9
80.4375,0.9
80.46875,0.9
80.5,0.9
80.53125,0.9
80.5625,0.9
80.59375,0.9
80.625,0.9
80.65625,0.9
80.6875,0.9
80.71875,0.9
80.75,0.9
80.78125,0.9
80.8125,0.9
80.84375,0.9
80.875,0.9
80.90625,0.9
80.9375,0.9
80.96875,0.9
81,0.9
81.03125,0.9
81.0625,0.9
81.09375,0.9
81.125,0.9
81.15625,0.9
81.1875,0.9
81.21875,0.9
81.25,0.9
81.28125,0.9
81.3125,0.9
81.34375,0.9
81.375,0.9
81.40625,0.9
81.4375,0.9
81.46875,0.9
81.5,0.9
81.53125,0.9
81.5625,0.9
81.59375,0.9
81.625,0.9
81.65625,0.9
81.6875,0.9
81.71875,0.9
81.75,0.9
81.78125,0.9
81.8125,0.9
81.84375,0.9
81.875,0.9
81.90625,0.9
81.9375,0.9
81.96875,0.9
82,0.9
82.03125,0.9
82.0625,0.9
82.09375,0.9
82.125,0.9
82.15625,0.9
82.1875,0.9
82.21875,0.9
82.25,0.9
82.28125,0.9
82.3125,0.9
82.34375,0.9
82.375,0.9
82.40625,0.9
82.4375,0.9
82.46875,0.9
82.5,0.9
82.53125,0.9
82.5625,0.9
82.59375,0.9
82.625,0.9
82.65625,0.9
82.6875,0.9
82.71875,0.9
82.75,0.9
82.78125,0.9
82.8125,0.9
82.84375,0.9
82.875,0.9
82.90625,0.9
82.9375,0.9
82.96875,0.9
83,0.9
83.03125,0.9
83.0625,0.9
83.09375,0.9
83.125,0.9
83.15625,0.9
83.1875,0.9
83.21875,0.9
83.25,0.9
83.28125,0.9
83.3125,0.9
83.34375,0.9
83.375,0.9
83.40625,0.9
83.4375,0.9
83.46875,0.9
83.5,0.9
83.53125,0.9
83.5625,0.9
83.59375,0.9
83.625,0.9
83.65625,0.9
83.6875,0.9
83.71875,0.9
83.75,0.9
83.78125,0.9
83.8125,0.9
83.84375,0.9
83.875,0.9
83.90625,0.9
83.9375,0.9
83.96875,0.9
84,0.9
84.03125,0.9
84.0625,0.9
84.09375,0.9
84.125,0.9
84.15625,0.9
84.1875,0.9
84.21875,0.9
84.25,0.9
84.28125,0.9
84.3125,0.9
84.34375,0.9
84.375,0.9
84.40625,0.9
84.4375,0.9
84.46875,0.9
84.5,0.9
84.53125,0.9
84.5625,0.9
84.59375,0.9
84.625,0.9
84.65625,0.9
84.6875,0.9
84.71875,0.9
84.75,0.9
84.78125,0.9
84.8125,0.9
84.84375,0.9
84.875,0.9
84.90625,0.9
84.9375,0.9
84.96875,0.9
85,0.9
85.03125,0.9
85.0625,0.9
85.09375,0.9
85.125,0.9
85.15625,0.9
85.1875,0.9
85.21875,0.9
85.25,0.9
85.28125,0.9
85.3125,0.9
85.34375,0.9
85.375,0.9
85.40625,0.9
85.4375,0.9
85.46875,0.9
85.5,0.9
85.53125,0.9
85.5625,0.9
85.59375,0.9
85.625,0.9
85.65625,0.9
85.6875,0.9
85.71875,0.9
85.75,0.9
85.78125,0.9
85.8125,0.9
85.84375,0.9
85.875,0.9
85.90625,0.9
85.9375,0.9
85.96875,0.9
86,0.9
86.03125,0.9
86.0625,0.9
86.09375,0.9
86.125,0.9
86.15625,0.9
86.1875,0.9
86.21875,0.9
86.25,0.9
86.28125,0.9
86.3125,0.9
86.34375,0.9
86.375,0.9
86.40625,0.9
86.4375,0.9
86.46875,0.9
86.5,0.9
86.53125,0.9
86.5625,0.9
86.59375,0.9
86.625,0.9
86.65625,0.9
86.6875,0.9
86.71875,0.9
86.75,0.9
86.78125,0.9
86.8125,0.9
86.84375,0.9
86.875,0.9
86.90625,0.9
86.9375,0.9
86.96875,0.9
87,0.9
87.03125,0.9
87.0625,0.9
87.09375,0.9
87.125,0.9
87.15625,0.9
87.1875,0.9
87.21875,0.9
87.25,0.9
87.28125,0.9
87.3125,0.9
87.34375,0.9
87.375,0.9
87.40625,0.9
87.4375,0.9
87.46875,0.9
87.5,0.9
87.53125,0.9
87.5625,0.9
87.59375,0.9
87.625,0.9
87.65625,0.9
87.6875,0.9
87.71875,0.9
87.75,0.9
87.78125,0.9
87.8125,0.9
87.84375,0.9
87.875,0.9
87.90625,0.9
87.9375,0.9
87.96875,0.9
88,0.9
88.03125,0.9
88.0625,0.9
88.09375,0.9
88.125,0.9
88.15625,0.9
88.1875,0.9
88.21875,0.9
88.25,0.9
88.28125,0.9
88.3125,0.9
88.34375,0.9
88.375,0.9
88.40625,0.9
88.4375,0.9
88.46875,0.9
88.5,0.9
88.53125,0.9
88.5625,0.9
88.59375,0.9
88.625,0.9
88.65625,0.9
88.6875,0.9
88.71875,0.9
88.75,0.9
88.78125,0.9
88.8125,0.9
88.84375,0.9
88.875,0.9
88.90625,0.9
88.9375,0.9
88.96875,0.9
89,0.9
89.03125,0.9
89.0625,0.9
89.09375,0.9
89.125,0.9
89.15625,0.9
89.1875,0.9
89.21875,0.9
89.25,0.9
89.28125,0.9
89.3125,0.9
89.34375,0.9
89.375,0.9
89.40625,0.9
89.4375,0.9
89.46875,0.9
89.5,0.9
89.53125,0.9
89.5625,0.9
89.59375,0.9
89.625,0.9
89.65625,0.9
89.6875,0.9
89.71875,0.9
89.75,0.9
89.78125,0.9
89.8125,0.9
89.84375,0.9
89.875,0.9
89.90625,0.9
89.9375,0.9
89.96875,0.9
90,0.9
90.03125,0.9
90.0625,0.9
90.09375,0.9
90.125,0.9
90.15625,0.9
90.1875,0.9
90.21875,0.9
90.25,0.9
90.28125,0.9
90.3125,0.9
90.34375,0.9
90.375,0.9
90.40625,0.9
90.4375,0.9
90.46875,0.9
90.5,0.9
90.53125,0.9
90.5625,0.9
90.59375,0.9
90.625,0.9
90.65625,0.9
90.6875,0.9
90.71875,0.9
90.75,0.9
90.78125,0.9
90.8125,0.9
90.84375,0.9
90.875,0.9
90.90625,0.9
90.9375,0.9
90.96875,0.9
91,0.9
91.03125,0.9
91.0625,0.9
91.09375,0.9
91.125,0.9
91.15625,0.9
91.1875,0.9
91.21875,0.9
91.25,0.9
91.28125,0.9
91.3125,0.9
91.34375,0.9
91.375,0.9
91.40625,0.9
91.4375,0.9
91.46875,0.9
91.5,0.9
91.53125,0.9
91.5625,0.9
91.59375,0.9
91.625,0.9
91.65625,0.9
91.6875,0.9
91.71875,0.9
91.75,0.9
91.78125,0.9
91.8125,0.9
91.84375,0.9
91.875,0.9
91.90625,0.9
91.9375,0.9
91.96875,0.9
92,0.9
92.03125,0.9
92.0625,0.9
92.09375,0.9
92.125,0.9
92.15625,0.9
92.1875,0.9
92.21875,0.9
92.25,0.9
92.28125,0.9
92.3125,0.9
92.34375,0.9
92.375,0.9
92.40625,0.9
92.4375,0.9
92.46875,0.9
92.5,0.9
92.53125,0.9
92.5625,0.9
92.59375,0.9
92.625,0.9
92.65625,0.9
92.6875,0.9
92.71875,0.9
92.75,0.9
92.78125,0.9
92.8125,0.9
92.84375,0.9
92.875,0.9
92.90625,0.9
92.9375,0.9
92.96875,0.9
93,0.9
93.03125,0.9
93.0625,0.9
93.09375,0.9
93.125,0.9
93.15625,0.9
93.1875,0.9
93.21875,0.9
93.25,0.9
93.28125,0.9
93.3125,0.9
93.34375,0.9
93.375,0.9
93.40625,0.9
93.4375,0.9
93.46875,0.9
93.5,0.9
93.53125,0.9
93.5625,0.9
93.59375,0.9
93.625,0.9
93.65625,0.9
93.6875,0.9
93.71875,0.9
93.75,0.9
93.78125,0.9
93.8125,0.9
93.84375,0.9
93.875,0.9
93.90625,0.9
93.9375,0.9
93.96875,0.9
94,0.9
94.03125,0.9
94.0625,0.9
94.09375,0.9
94.125,0.9
94.15625,0.9
94.1875,0.9
94.21875,0.9
94.25,0.9
94.28125,0.9
94.3125,0.9
94.34375,0.9
94.375,0.9
94.40625,0.9
94.4375,0.9
94.46875,0.9
94.5,0.9
94.53125,0.9
94.5625,0.9
94.59375,0.9
94.625,0.9
94.65625,0.9
94.6875,0.9
94.71875,0.9
94.75,0.9
94.78125,0.9
94.8125,0.9
94.84375,0.9
94.875,0.9
94.90625,0.9
94.9375,0.9
94.96875,0.9
95,0.9
95.03125,0.9
95.0625,0.9
95.09375,0.9
95.125,0.9
95.15625,0.9
95.1875,0.9
95.21875,0.9
95.25,0.9
95.28125,0.9
95.3125,0.9
95.34375,0.9
95.375,0.9
95.40625,0.9
95.4375,0.9
95.46875,0.9
95.5,0.9
95.53125,0.9
95.5625,0.9
95.59375,0.9
95.625,0.9
95.65625,0.9
95.6875,0.9
95.71875,0.9
95.75,0.9
95.78125,0.9
95.8125,0.9
95.84375,0.9
95.875,0.9
95.90625,0.9
95.9375,0.9
95.96875,0.9
96,0.9
96.03125,0.9
96.0625,0.9
96.09375,0.9
96.125,0.9
96.15625,0.9
96.1875,0.9
96.21875,0.9
96.25,0.9
96.28125,0.9
96.3125,0.9
96.34375,0.9
96.375,0.9
96.40625,0.9
96.4375,0.9
96.46875,0.9
96.5,0.9
96.53125,0.9
96.5625,0.9
96.59375,0.9
96.625,0.9
96.65625,0.9
96.6875,0.9
96.71875,0.9
96.75,0.9
96.78125,0.9
96.8125,0.9
96.84375,0.9
96.875,0.9
96.90625,0.9
96.9375,0.9
96.96875,0.9
97,0.9
97.03125,0.9
97.0625,0.9
97.09375,0.9
97.125,0.9
97.15625,0.9
97.1875,0.9
97.21875,0.9
97.25,0.9
97.28125,0.9
97.3125,0.9
97.34375,0.9
97.375,0.9
97.40625,0.9
97.4375,0.9
97.46875,0.9
97.5,0.9
97.53125,0.9
97.5625,0.9
97.59375,0.9
97.625,0.9
97.65625,0.9
97.6875,0.9
97.71875,0.9
97.75,0.9
97.78125,0.9
97.8125,0.9
97.84375,0.9
97.875,0.9
97.90625,0.9
97.9375,0.9
97.96875,0.9
98,0.9
98.03125,0.9
98.0625,0.9
98.09375,0.9
98.125,0.9
98.15625,0.9
98.1875,0.9
98.21875,0.9
98.25,0.9
98.28125,0.9
98.3125,0.9
98.34375,0.9
98.375,0.9
98.40625,0.9
98.4375,0.9
98.46875,0.9
98.5,0.9
98.53125,0.9
98.5625,0.9
98.59375,0.9
98.625,0.9
98.65625,0.9
98.6875,0.9
98.71875,0.9
98.75,0.9
98.78125,0.9
98.8125,0.9
98.84375,0.9
98.875,0.9
98.90625,0.9
98.9375,0.9
98.96875,0.9
99,0.9
99.03125,0.9
99.0625,0.9
99.09375,0.9
99.125,0.9
99.15625,0.9
99.1875,0.9
99.21875,0.9
99.25,0.9
99.28125,0.9
99.3125,0.9
99.34375,0.9
99.375,0.9
99.40625,0.9
99.4375,0.9
99.46875,0.9
99.5,0.9
99.53125,0.9
99.5625,0.9
99.59375,0.9
99.625,0.9
99.65625,0.9
99.6875,0.9
99.71875,0.9
99.75,0.9
99.78125,0.9
99.8125,0.9
99.84375,0.9
99.875,0.9
99.90625,0.9
99.9375,0.9
99.96875,0.9
100,0.9
100.03125,0.9
100.0625,0.9
100.09375,0.9
100.125,0.9
100.15625,0.9
100.1875,0.9
100.21875,0.9
100.25,0.9
100.28125,0.9
100.3125,0.9
100.34375,0.9
100.375,0.9
100.40625,0.9
100.4375,0.9
100.46875,0.9
100.5,0.9
100.53125,0.9
100.5625,0.9
100.59375,0.9
100.625,0.9
100.65625,0.9
100.6875,0.9
100.71875,0.9
100.75,0.9
100.78125,0.9
100.8125,0.9
100.84375,0.9
100.875,0.9
100.90625,0.9
100.9375,0.9
100.96875,0.9
101,0.9
101.03125,0.9
101.0625,0.9
101.09375,0.9
101.125,0.9
101.15625,0.9
101.1875,0.9
101.21875,0.9
101.25,0.9
101.28125,0.9
101.3125,0.9
101.34375,0.9
101.375,0.9
101.40625,0.9
101.4375,0.9
101.46875,0.9
101.5,0.9
101.53125,0.9
101.5625,0.9
101.59375,0.9
101.625,0.9
101.65625,0.9
101.6875,0.9
101.71875,0.9
101.75,0.9
101.78125,0.9
101.8125,0.9
101.84375,0.9
101.875,0.9
101.90625,0.9
101.9375,0.9
101.96875,0.9
102,0.9
102.03125,0.9
102.0625,0.9
102.09375,0.9
102.125,0.9
102.15625,0.9
102.1875,0.9
102.21875,0.9
102.25,0.9
102.28125,0.9
102.3125,0.9
102.34375,0.9
102.375,0.9
102.40625,0.9
102.4375,0.9
102.46875,0.9
102.5,0.9
102.53125,0.9
102.5625,0.9
102.59375,0.9
102.625,0.9
102.65625,0.9
102.6875,0.9
102.71875,0.9
102.75,0.9
102.78125,0.9
102.8125,0.9
102.84375,0.9
102.875,0.9
102.90625,0.9
102.9375,0.9
102.96875,0.9
103,0.9
103.03125,0.9
103.0625,0.9
103.09375,0.9
103.125,0.9
103.15625,0.9
103.1875,0.9
103.21875,0.9
103.25,0.9
103.28125,0.9
103.3125,0.9
103.34375,0.9
103.375,0.9
103.40625,0.9
103.4375,0.9
103.46875,0.9
103.5,0.9
103.53125,0.9
103.5625,0.9
103.59375,0.9
103.625,0.9
103.65625,0.9
103.6875,0.9
103.71875,0.9
103.75,0.9
103.78125,0.9
103.8125,0.9
103.84375,0.9
103.875,0.9
103.90625,0.9
103.9375,0.9
103.96875,0.9
104,0.9
104.03125,0.9
104.0625,0.9
104.09375,0.9
104.125,0.9
104.15625,0.9
104.1875,0.9
104.21875,0.9
104.25,0.9
104.28125,0.9
104.3125,0.9
104.34375,0.9
104.375,0.9
104.40625,0.9
104.4375,0.9
104.46875,0.9
104.5,0.9
104.53125,0.9
104.5625,0.9
104.59375,0.9
104.625,0.9
104.65625,0.9
104.6875,0.9
104.71875,0.9
104.75,0.9
104.78125,0.9
104.8125,0.9
104.84375,0.9
104.875,0.9
104.90625,0.9
104.9375,0.9
104.96875,0.9
105,0.9
105.03125,0.9
105.0625,0.9
105.09375,0.9
105.125,0.9
105.15625,0.9
105.1875,0.9
105.21875,0.9
105.25,0.9
105.28125,0.9
105.3125,0.9
105.34375,0.9
105.375,0.9
105.40625,0.9
105.4375,0.9
105.46875,0.9
105.5,0.9
105.53125,0.9
105.5625,0.9
105.59375,0.9
105.625,0.9
105.65625,0.9
105.6875,0.9
105.71875,0.9
105.75,0.9
105.78125,0.9
105.8125,0.9
105.84375,0.9
105.875,0.9
105.90625,0.9
105.9375,0.9
105.96875,0.9
106,0.9
106.03125,0.9
106.0625,0.9
106.09375,0.9
106.125,0.9
106.15625,0.9
106.1875,0.9
106.21875,0.9
106.25,0.9
106.28125,0.9
106.3125,0.9
106.34375,0.9
106.375,0.9
106.40625,0.9
106.4375,0.9
106.46875,0.9
106.5,0.9
106.53125,0.9
106.5625,0.9
106.59375,0.9
106.625,0.9
106.65625,0.9
106.6875,0.9
106.71875,0.9
106.75,0.9
106.78125,0.9
106.8125,0.9
106.84375,0.9
106.875,0.9
106.90625,0.9
106.9375,0.9
106.96875,0.9
107,0.9
107.03125,0.9
107.0625,0.9
107.09375,0.9
107.125,0.9
107.15625,0.9
107.1875,0.9
107.21875,0.9
107.25,0.9
107.28125,0.9
107.3125,0.9
107.34375,0.9
107.375,0.9
107.40625,0.9
107.4375,0.9
107.46875,0.9
107.5,0.9
107.53125,0.9
107.5625,0.9
107.59375,0.9
107.625,0.9
107.65625,0.9
107.6875,0.9
107.71875,0.9
107.75,0.9
107.78125,0.9
107.8125,0.9
107.84375,0.9
107.875,0.9
107.90625,0.9
107.9375,0.9
107.96875,0.9
108,0.9
108.03125,0.9
108.0625,0.9
108.09375,0.9
108.125,0.9
108.15625,0.9
108.1875,0.9
108.21875,0.9
108.25,0.9
108.28125,0.9
108.3125,0.9
108.34375,0.9
108.375,0.9
108.40625,0.9
108.4375,0.9
108.46875,0.9
108.5,0.9
108.53125,0.9
108.5625,0.9
108.59375,0.9
108.625,0.9
108.65625,0.9
108.6875,0.9
108.71875,0.9
108.75,0.9
108.78125,0.9
108.8125,0.9
108.84375,0.9
108.875,0.9
108.90625,0.9
108.9375,0.9
108.96875,0.9
109,0.9
109.03125,0.9
109.0625,0.9
109.09375,0.9
109.125,0.9
109.15625,0.9
109.1875,0.9
109.21875,0.9
109.25,0.9
109.28125,0.9
109.3125,0.9
109.34375,0.9
109.375,0.9
109.40625,0.9
109.4375,0.9
109.46875,0.9
109.5,0.9
109.53125,0.9
109.5625,0.9
109.59375,0.9
109.625,0.9
109.65625,0.9
109.6875,0.9
109.71875,0.9
109.75,0.9
109.78125,0.9
109.8125,0.9
109.84375,0.9
109.875,0.9
109.90625,0.9
109.9375,0.9
109.96875,0.9
110,0.9
110.03125,0.9
110.0625,0.9
110.09375,0.9
110.125,0.9
110.15625,0.9
110.1875,0.9
110.21875,0.9
110.25,0.9
110.28125,0.9
110.3125,0.9
110.34375,0.9
110.375,0.9
110.40625,0.9
110.4375,0.9
110.46875,0.9
110.5,0.9
110.53125,0.9
110.5625,0.9
110.59375,0.9
110.625,0.9
110.65625,0.9
110.6875,0.9
110.71875,0.9
110.75,0.9
110.78125,0.9
110.8125,0.9
110.84375,0.9
110.875,0.9
110.90625,0.9
110.9375,0.9
110.96875,0.9
111,0.9
111.03125,0.9
111.0625,0.9
111.09375,0.9
111.125,0.9
111.15625,0.9
111.1875,0.9
111.21875,0.9
111.25,0.9
111.28125,0.9
111.3125,0.9
111.34375,0.9
111.375,0.9
111.40625,0.9
111.4375,0.9
111.46875,0.9
111.5,0.9
111.53125,0.9
111.5625,0.9
111.59375,0.9
111.625,0.9
111.65625,0.9
111.6875,0.9
111.71875,0.9
111.75,0.9
111.78125,0.9
111.8125,0.9
111.84375,0.9
111.875,0.9
111.90625,0.9
111.9375,0.9
111.96875,0.9
112,0.9
112.03125,0.9
112.0625,0.9
112.09375,0.9
112.125,0.9
112.15625,0.9
112.1875,0.9
112.21875,0.9
112.25,0.9
112.28125,0.9
112.3125,0.9
112.34375,0.9
112.375,0.9
112.40625,0.9
112.4375,0.9
112.46875,0.9
112.5,0.9
112.53125,0.9
112.5625,0.9
112.59375,0.9
112.625,0.9
112.65625,0.9
112.6875,0.9
112.71875,0.9
112.75,0.9
112.78125,0.9
112.8125,0.9
112.84375,0.9
112.875,0.9
112.90625,0.9
112.9375,0.9
112.96875,0.9
113,0.9
113.03125,0.9
113.0625,0.9
113.09375,0.9
113.125,0.9
113.15625,0.9
113.1875,0.9
113.21875,0.9
113.25,0.9
113.28125,0.9
113.3125,0.9
113.34375,0.9
113.375,0.9
113.40625,0.9
113.4375,0.9
113.46875,0.9
113.5,0.9
113.53125,0.9
113.5625,0.9
113.59375,0.9
113.625,0.9
113.65625,0.9
113.6875,0.9
113.71875,0.9
113.75,0.9
113.78125,0.9
113.8125,0.9
113.84375,0.9
113.875,0.9
113.90625,0.9
113.9375,0.9
113.96875,0.9
114,0.9
114.03125,0.9
114.0625,0.9
114.09375,0.9
114.125,0.9
114.15625,0.9
114.1875,0.9
114.21875,0.9
114.25,0.9
114.28125,0.9
114.3125,0.9
114.34375,0.9
114.375,0.9
114.40625,0.9
114.4375,0.9
114.46875,0.9
114.5,0.9
114.53125,0.9
114.5625,0.9
114.59375,0.9
114.625,0.9
114.65625,0.9
114.6875,0.9
114.71875,0.9
114.75,0.9
114.78125,0.9
114.8125,0.9
114.84375,0.9
114.875,0.9
114.90625,0.9
114.9375,0.9
114.96875,0.9
115,0.9
115.03125,0.9
115.0625,0.9
115.09375,0.9
115.125,0.9
115.15625,0.9
115.1875,0.9
115.21875,0.9
115.25,0.9
115.28125,0.9
115.3125,0.9
115.34375,0.9
115.375,0.9
115.40625,0.9
115.4375,0.9
115.46875,0.9
115.5,0.9
115.53125,0.9
115.5625,0.9
115.59375,0.9
115.625,0.9
115.65625,0.9
115.6875,0.9
115.71875,0.9
115.75,0.9
115.78125,0.9
115.8125,0.9
115.84375,0.9
115.875,0.9
115.90625,0.9
115.9375,0.9
115.96875,0.9
116,0.9
116.03125,0.9
116.0625,0.9
116.09375,0.9
116.125,0.9
116.15625,0.9
116.1875,0.9
116.21875,0.9
116.25,0.9
116.28125,0.9
116.3125,0.9
116.34375,0.9
116.375,0.9
116.40625,0.9
116.4375,0.9
116.46875,0.9
116.5,0.9
116.53125,0.9
116.5625,0.9
116.59375,0.9
116.625,0.9
116.65625,0.9
116.6875,0.9
116.71875,0.9
116.75,0.9
116.78125,0.9
116.8125,0.9
116.84375,0.9
116.875,0.9
116.90625,0.9
116.9375,0.9
116.96875,0.9
117,0.9
117.03125,0.9
117.0625,0.9
117.09375,0.9
117.125,0.9
117.15625,0.9
117.1875,0.9
117.21875,0.9
117.25,0.9
117.28125,0.9
117.3125,0.9
117.34375,0.9
117.375,0.9
117.40625,0.9
117.4375,0.9
117.46875,0.9
117.5,0.9
117.53125,0.9
117.5625,0.9
117.59375,0.9
117.625,0.9
117.65625,0.9
117.6875,0.9
117.71875,0.9
117.75,0.9
117.78125,0.9
117.8125,0.9
117.84375,0.9
117.875,0.9
117.90625,0.9
117.9375,0.9
117.96875,0.9
118,0.9
118.03125,0.9
118.0625,0.9
118.09375,0.9
118.125,0.9
118.15625,0.9
118.1875,0.9
118.21875,0.9
118.25,0.9
118.28125,0.9
118.3125,0.9
118.34375,0.9
118.375,0.9
118.40625,0.9
118.4375,0.9
118.46875,0.9
118.5,0.9
118.53125,0.9
118.5625,0.9
118.59375,0.9
118.625,0.9
118.65625,0.9
118.6875,0.9
118.71875,0.9
118.75,0.9
118.78125,0.9
118.8125,0.9
118.84375,0.9
118.875,0.9
118.90625,0.9
118.9375,0.9
118.96875,0.9
119,0.9
119.03125,0.9
119.0625,0.9
119.09375,0.9
119.125,0.9
119.15625,0.9
119.1875,0.9
119.21875,0.9
119.25,0.9
119.28125,0.9
119.3125,0.9
119.34375,0.9
119.375,0.9
119.40625,0.9
119.4375,0.9
119.46875,0.9
119.5,0.9
119.53125,0.9
119.5625,0.9
119.59375,0.9
119.625,0.9
119.65625,0.9
119.6875,0.9
119.71875,0.9
119.75,0.9
119.78125,0.9
119.8125,0.9
119.84375,0.9
119.875,0.9
119.90625,0.9
119.9375,0.9
119.96875,0.9
120,0.9
